user_id,book_id,borrow_timestamp,return_timestamp,rating,device_type,session_duration,action_type,recommendation_score
U027,B041,2024-03-09,2024-03-15,3,mobile,2594,preview,0
U063,B025,2024-06-02,2024-06-05,1,mobile,3457,borrow,0
U082,B029,2024-08-07,2024-08-12,4,tablet,1308,borrow,1
U018,B016,2024-07-22,2024-08-01,5,desktop,2779,borrow,1
U017,B015,2024-04-09,2024-04-10,5,desktop,2057,borrow,1
U095,B035,2024-09-06,2024-09-16,2,desktop,3471,preview,0
U068,B016,2024-08-10,2024-08-20,1,desktop,2789,preview,0
U095,B037,2024-11-20,2024-12-03,1,tablet,2605,preview,0
U054,B037,2024-06-08,2024-06-19,1,desktop,2727,borrow,0
U051,B023,2024-06-27,2024-07-08,3,mobile,1591,borrow,0
U028,B008,2024-06-16,2024-06-26,5,tablet,584,preview,0
U065,B031,2024-04-04,2024-04-06,2,mobile,2846,borrow,0
U011,B048,2024-08-02,2024-08-03,5,desktop,1075,preview,0
U006,B007,2024-03-30,2024-04-01,4,tablet,916,preview,0
U019,B040,2024-04-23,2024-05-06,4,tablet,712,borrow,1
U020,B043,2024-10-03,2024-10-16,2,mobile,975,borrow,0
U054,B038,2024-07-10,2024-07-13,4,mobile,1422,preview,0
U008,B024,2024-04-05,2024-04-13,5,tablet,3561,preview,0
U048,B038,2024-07-01,2024-07-14,3,tablet,2564,borrow,0
U059,B033,2024-10-12,2024-10-13,4,mobile,2409,preview,0
U032,B035,2024-08-04,2024-08-10,3,mobile,998,borrow,0
U001,B043,2024-04-09,2024-04-21,1,mobile,375,borrow,0
U092,B007,2024-10-10,2024-10-14,5,tablet,1690,borrow,1
U087,B034,2024-04-08,2024-04-20,3,mobile,3295,borrow,0
U096,B017,2024-02-22,2024-02-29,5,mobile,1362,borrow,1
U098,B041,2024-02-11,2024-02-21,2,tablet,2745,borrow,0
U043,B007,2024-06-11,2024-06-18,3,mobile,534,preview,0
U037,B027,2024-08-26,2024-09-07,2,mobile,3445,preview,0
U020,B029,2024-09-09,2024-09-15,5,tablet,1497,preview,0
U000,B046,2024-06-18,2024-06-27,2,desktop,3142,preview,0
U092,B016,2024-01-05,2024-01-18,3,mobile,1745,preview,0
U064,B048,2024-12-30,2024-12-31,1,desktop,799,borrow,0
U022,B032,2024-11-22,2024-12-01,4,mobile,1455,preview,0
U013,B040,2024-09-08,2024-09-11,3,mobile,3223,preview,0
U038,B040,2024-12-11,2024-12-14,3,tablet,3497,borrow,0
U064,B038,2024-05-20,2024-05-22,4,desktop,1381,preview,0
U025,B009,2024-11-12,2024-11-21,3,tablet,3372,borrow,0
U047,B048,2024-12-13,2024-12-22,1,tablet,1831,borrow,0
U020,B034,2024-11-07,2024-11-08,2,desktop,1440,preview,0
U099,B033,2024-06-21,2024-07-04,5,mobile,1114,preview,0
U000,B038,2024-07-31,2024-08-11,3,mobile,1999,borrow,0
U041,B031,2024-01-20,2024-01-29,1,desktop,2394,borrow,0
U002,B007,2024-01-14,2024-01-15,1,mobile,3003,borrow,0
U046,B019,2024-01-12,2024-01-22,4,desktop,3319,borrow,1
U030,B003,2024-01-08,2024-01-18,4,desktop,3045,preview,0
U030,B036,2024-01-28,2024-02-09,4,mobile,340,preview,0
U010,B005,2024-05-24,2024-06-02,4,mobile,2336,borrow,1
U093,B031,2024-08-07,2024-08-20,3,mobile,1881,borrow,0
U008,B048,2024-03-22,2024-03-25,1,mobile,2138,preview,0
U068,B049,2024-01-10,2024-01-18,5,desktop,1176,borrow,1
U016,B008,2024-10-15,2024-10-21,1,mobile,2493,borrow,0
U084,B030,2024-12-06,2024-12-16,3,tablet,1540,borrow,0
U070,B010,2024-06-25,2024-07-08,1,mobile,1933,borrow,0
U033,B033,2024-11-06,2024-11-12,5,mobile,3056,preview,0
U077,B027,2024-09-15,2024-09-20,5,tablet,3344,borrow,1
U027,B034,2024-07-20,2024-07-30,5,tablet,1468,preview,0
U096,B046,2024-01-01,2024-01-04,4,mobile,1016,preview,0
U088,B012,2024-10-14,2024-10-16,2,tablet,3443,preview,0
U091,B019,2024-06-10,2024-06-16,3,desktop,1070,preview,0
U051,B042,2024-09-24,2024-09-25,5,desktop,535,preview,0
U083,B023,2024-08-09,2024-08-20,5,mobile,2748,borrow,1
U056,B033,2024-03-06,2024-03-17,4,tablet,2450,preview,0
U057,B007,2024-10-20,2024-10-22,3,desktop,3145,borrow,0
U031,B014,2024-11-03,2024-11-12,4,desktop,3331,preview,0
U008,B021,2024-09-03,2024-09-13,5,tablet,2428,borrow,1
U002,B037,2024-05-17,2024-05-25,1,mobile,1653,preview,0
U070,B014,2024-12-05,2024-12-13,5,mobile,2893,preview,0
U075,B014,2024-07-23,2024-08-03,1,tablet,2206,borrow,0
U000,B004,2024-07-01,2024-07-12,4,desktop,2235,preview,0
U090,B040,2024-07-02,2024-07-11,3,tablet,2187,borrow,0
U007,B014,2024-04-02,2024-04-04,3,mobile,2981,borrow,0
U008,B002,2024-10-03,2024-10-08,2,desktop,903,borrow,0
U042,B004,2024-01-22,2024-01-27,1,desktop,2992,preview,0
U065,B015,2024-12-11,2024-12-13,2,mobile,1401,borrow,0
U035,B042,2024-03-13,2024-03-23,1,mobile,2394,preview,0
U062,B013,2024-08-26,2024-09-03,5,desktop,406,borrow,1
U069,B008,2024-01-26,2024-01-30,1,mobile,2355,borrow,0
U092,B036,2024-09-09,2024-09-13,2,tablet,602,preview,0
U073,B030,2024-03-18,2024-03-26,2,desktop,664,preview,0
U031,B030,2024-07-05,2024-07-13,3,tablet,1330,borrow,0
U052,B012,2024-08-25,2024-09-05,5,tablet,1831,preview,0
U012,B006,2024-10-20,2024-10-23,1,tablet,3386,borrow,0
U084,B027,2024-01-28,2024-02-07,1,tablet,2276,borrow,0
U045,B027,2024-03-26,2024-04-05,1,desktop,3159,borrow,0
U052,B029,2024-01-13,2024-01-17,2,mobile,1903,borrow,0
U093,B003,2024-08-20,2024-09-02,4,desktop,2458,borrow,1
U086,B041,2024-02-03,2024-02-11,3,mobile,3095,preview,0
U082,B006,2024-04-10,2024-04-16,3,desktop,2061,preview,0
U007,B025,2024-11-10,2024-11-23,5,desktop,1612,preview,0
U093,B021,2024-10-03,2024-10-09,4,desktop,1826,preview,0
U013,B015,2024-11-26,2024-12-04,3,tablet,1460,borrow,0
U024,B012,2024-01-31,2024-02-08,2,mobile,2895,preview,0
U068,B028,2024-08-07,2024-08-18,1,tablet,945,preview,0
U017,B027,2024-03-02,2024-03-11,3,desktop,1146,preview,0
U023,B017,2024-01-26,2024-01-29,2,mobile,1968,preview,0
U059,B015,2024-11-19,2024-11-22,1,mobile,831,preview,0
U009,B028,2024-02-16,2024-02-17,5,desktop,953,preview,0
U070,B006,2024-05-18,2024-05-22,3,mobile,2326,borrow,0
U006,B041,2024-06-26,2024-07-04,2,desktop,560,preview,0
U069,B000,2024-01-13,2024-01-21,1,desktop,1919,borrow,0
U011,B048,2024-04-10,2024-04-19,3,mobile,3124,borrow,0
U030,B010,2024-02-07,2024-02-14,1,tablet,1418,borrow,0
U052,B031,2024-11-13,2024-11-25,5,desktop,633,preview,0
U061,B013,2024-05-16,2024-05-18,1,tablet,1870,preview,0
U051,B003,2024-11-15,2024-11-21,5,mobile,1172,preview,0
U021,B024,2024-11-11,2024-11-14,5,mobile,3536,borrow,1
U000,B024,2024-03-18,2024-03-28,1,desktop,431,borrow,0
U033,B029,2024-02-11,2024-02-20,3,desktop,2643,borrow,0
U036,B027,2024-12-18,2024-12-25,1,tablet,2490,borrow,0
U089,B046,2024-05-24,2024-05-25,2,tablet,802,preview,0
U071,B042,2024-11-04,2024-11-12,3,tablet,3410,preview,0
U091,B031,2024-05-13,2024-05-16,2,tablet,1502,preview,0
U019,B012,2024-01-15,2024-01-28,3,mobile,2335,preview,0
U037,B013,2024-06-05,2024-06-11,5,mobile,1420,borrow,1
U007,B037,2024-10-15,2024-10-19,2,desktop,2157,borrow,0
U094,B034,2024-05-02,2024-05-12,5,mobile,1441,borrow,1
U007,B047,2024-10-29,2024-11-02,4,mobile,2563,preview,0
U040,B003,2024-01-15,2024-01-28,4,mobile,3528,preview,0
U006,B037,2024-06-21,2024-06-23,3,tablet,394,borrow,0
U061,B032,2024-10-18,2024-10-28,4,tablet,2416,borrow,1
U067,B010,2024-09-10,2024-09-20,2,desktop,3505,preview,0
U007,B032,2024-12-28,2025-01-09,2,desktop,2488,borrow,0
U010,B011,2024-04-20,2024-04-28,4,tablet,3351,preview,0
U008,B038,2024-11-19,2024-11-24,2,mobile,2163,borrow,0
U008,B043,2024-04-01,2024-04-11,3,mobile,1313,borrow,0
U030,B025,2024-10-22,2024-10-31,1,desktop,3126,preview,0
U015,B036,2024-04-10,2024-04-15,4,desktop,1945,preview,0
U031,B037,2024-11-08,2024-11-09,3,tablet,866,preview,0
U076,B002,2024-05-28,2024-06-06,2,mobile,3508,preview,0
U079,B005,2024-11-08,2024-11-13,3,desktop,1236,borrow,0
U053,B042,2024-08-31,2024-09-09,2,desktop,2422,borrow,0
U074,B036,2024-07-28,2024-08-08,1,desktop,2694,preview,0
U066,B020,2024-12-29,2025-01-09,1,tablet,1505,borrow,0
U033,B013,2024-06-28,2024-07-04,1,mobile,2179,borrow,0
U085,B045,2024-10-11,2024-10-22,4,desktop,3013,preview,0
U040,B015,2024-02-18,2024-02-25,1,mobile,1407,borrow,0
U033,B025,2024-05-27,2024-06-02,5,desktop,2823,preview,0
U016,B042,2024-02-18,2024-02-25,5,mobile,2059,preview,0
U082,B019,2024-08-02,2024-08-05,3,tablet,1251,preview,0
U058,B020,2024-02-01,2024-02-14,5,mobile,728,preview,0
U096,B004,2024-05-23,2024-05-31,1,tablet,2365,preview,0
U001,B029,2024-06-23,2024-06-25,4,desktop,2849,borrow,1
U079,B036,2024-04-23,2024-04-29,4,tablet,1130,borrow,1
U012,B004,2024-09-20,2024-10-03,2,tablet,1099,preview,0
U068,B013,2024-06-10,2024-06-22,4,mobile,2434,preview,0
U064,B016,2024-06-26,2024-07-03,1,mobile,3379,borrow,0
U016,B022,2024-09-03,2024-09-06,5,tablet,2790,preview,0
U008,B015,2024-02-23,2024-03-03,3,tablet,2926,borrow,0
U047,B018,2024-04-01,2024-04-09,3,desktop,2443,preview,0
U020,B028,2024-06-13,2024-06-19,2,mobile,1209,borrow,0
U069,B045,2024-11-25,2024-12-02,5,mobile,2498,borrow,1
U038,B039,2024-04-21,2024-05-04,5,tablet,1871,preview,0
U083,B033,2024-03-22,2024-03-24,5,mobile,3162,preview,0
U001,B042,2024-01-11,2024-01-21,3,tablet,1709,borrow,0
U070,B019,2024-04-28,2024-05-10,1,mobile,1104,preview,0
U084,B006,2024-02-22,2024-03-05,2,tablet,1823,preview,0
U017,B016,2024-12-29,2025-01-06,3,mobile,3061,preview,0
U014,B006,2024-08-02,2024-08-03,1,desktop,3486,preview,0
U095,B035,2024-01-09,2024-01-17,1,desktop,536,borrow,0
U019,B017,2024-07-19,2024-07-25,4,desktop,2841,preview,0
U036,B038,2024-01-29,2024-02-11,3,desktop,1104,preview,0
U026,B045,2024-05-25,2024-05-30,1,desktop,1679,preview,0
U043,B013,2024-02-03,2024-02-04,2,mobile,3524,preview,0
U087,B040,2024-03-27,2024-04-01,5,desktop,641,borrow,1
U033,B032,2024-11-08,2024-11-14,2,tablet,467,preview,0
U062,B016,2024-08-24,2024-09-02,2,mobile,754,borrow,0
U006,B005,2024-07-08,2024-07-18,2,desktop,1899,preview,0
U081,B027,2024-11-05,2024-11-16,5,mobile,3166,preview,0
U035,B002,2024-10-08,2024-10-21,3,mobile,1619,preview,0
U000,B021,2024-06-12,2024-06-13,3,tablet,3154,preview,0
U098,B008,2024-04-07,2024-04-14,5,tablet,3011,preview,0
U081,B016,2024-10-15,2024-10-25,3,tablet,3519,borrow,0
U020,B047,2024-08-31,2024-09-11,3,mobile,3305,borrow,0
U056,B035,2024-07-19,2024-07-29,1,desktop,1824,borrow,0
U090,B027,2024-10-22,2024-10-23,5,mobile,1540,borrow,1
U071,B000,2024-04-13,2024-04-23,3,mobile,1362,borrow,0
U014,B004,2024-08-16,2024-08-28,2,tablet,401,preview,0
U088,B009,2024-10-01,2024-10-06,5,tablet,3164,borrow,1
U069,B002,2024-11-25,2024-12-04,4,tablet,1820,preview,0
U047,B037,2024-03-20,2024-03-28,5,tablet,2099,borrow,1
U070,B009,2024-08-02,2024-08-07,1,desktop,3323,preview,0
U055,B008,2024-03-29,2024-04-10,5,tablet,788,preview,0
U005,B019,2024-02-16,2024-02-26,2,tablet,700,borrow,0
U046,B002,2024-03-26,2024-04-05,5,tablet,634,borrow,1
U045,B013,2024-05-16,2024-05-19,5,desktop,1126,preview,0
U087,B015,2024-08-10,2024-08-14,2,tablet,3342,borrow,0
U085,B006,2024-04-12,2024-04-13,3,desktop,1482,preview,0
U045,B049,2024-07-06,2024-07-19,5,desktop,430,borrow,1
U071,B026,2024-07-01,2024-07-08,4,tablet,2844,borrow,1
U079,B047,2024-07-28,2024-07-29,4,mobile,1749,preview,0
U019,B015,2024-11-06,2024-11-09,3,desktop,845,borrow,0
U020,B011,2024-09-25,2024-10-08,3,desktop,1931,borrow,0
U052,B001,2024-02-08,2024-02-12,1,mobile,1257,borrow,0
U022,B047,2024-11-13,2024-11-18,4,mobile,571,borrow,1
U042,B026,2024-09-22,2024-10-01,5,tablet,639,borrow,1
U085,B047,2024-06-25,2024-06-28,2,mobile,1465,preview,0
U031,B017,2024-05-25,2024-05-30,1,mobile,731,borrow,0
U020,B044,2024-03-13,2024-03-14,4,mobile,1263,borrow,1
U013,B024,2024-10-19,2024-11-01,4,mobile,1238,preview,0
U004,B030,2024-10-21,2024-10-29,3,tablet,1625,preview,0
U028,B012,2024-11-28,2024-11-30,4,mobile,2911,borrow,1
U058,B022,2024-03-12,2024-03-16,5,mobile,1633,borrow,1
U039,B014,2024-11-25,2024-12-06,2,desktop,1124,borrow,0
U028,B001,2024-08-28,2024-09-07,5,tablet,2211,borrow,1
U084,B012,2024-02-23,2024-03-01,3,mobile,1844,preview,0
U051,B021,2024-08-28,2024-09-10,2,tablet,2766,preview,0
U035,B004,2024-03-02,2024-03-03,3,tablet,459,preview,0
U098,B017,2024-09-25,2024-10-03,1,mobile,2330,borrow,0
U044,B041,2024-03-08,2024-03-13,1,desktop,1590,preview,0
U065,B025,2024-11-18,2024-11-29,1,mobile,1518,preview,0
U086,B034,2024-11-27,2024-12-07,1,mobile,1786,borrow,0
U042,B001,2024-08-13,2024-08-21,3,tablet,337,borrow,0
U014,B016,2024-06-24,2024-07-04,5,desktop,753,preview,0
U022,B037,2024-06-24,2024-07-07,1,mobile,1272,preview,0
U033,B002,2024-02-09,2024-02-22,3,desktop,2696,preview,0
U013,B038,2024-11-18,2024-11-26,3,desktop,2387,borrow,0
U055,B022,2024-08-24,2024-08-25,3,desktop,515,preview,0
U093,B020,2024-06-16,2024-06-28,3,mobile,2918,preview,0
U055,B038,2024-06-17,2024-06-30,1,tablet,2904,borrow,0
U065,B007,2024-06-18,2024-06-22,4,tablet,2769,borrow,1
U049,B036,2024-05-12,2024-05-23,1,mobile,1125,borrow,0
U024,B016,2024-01-31,2024-02-07,3,desktop,3019,borrow,0
U005,B045,2024-06-06,2024-06-13,4,tablet,2429,preview,0
U055,B000,2024-07-24,2024-08-06,2,mobile,1847,preview,0
U066,B034,2024-01-13,2024-01-24,1,mobile,1556,preview,0
U087,B046,2024-08-10,2024-08-12,3,mobile,974,preview,0
U094,B047,2024-03-14,2024-03-23,4,desktop,1735,borrow,1
U085,B012,2024-08-09,2024-08-14,4,mobile,577,preview,0
U046,B027,2024-12-17,2024-12-21,1,desktop,1030,preview,0
U008,B042,2024-07-11,2024-07-17,3,desktop,3491,preview,0
U042,B039,2024-11-01,2024-11-14,4,tablet,1550,borrow,1
U040,B042,2024-01-07,2024-01-20,3,tablet,3404,borrow,0
U015,B046,2024-02-27,2024-03-05,2,desktop,1753,borrow,0
U038,B032,2024-01-04,2024-01-05,1,tablet,2744,borrow,0
U039,B042,2024-09-27,2024-10-04,3,mobile,2504,preview,0
U052,B020,2024-10-14,2024-10-16,4,tablet,1273,preview,0
U051,B044,2024-01-27,2024-01-30,4,mobile,3095,borrow,1
U037,B035,2024-01-21,2024-01-26,3,tablet,383,borrow,0
U016,B012,2024-09-13,2024-09-23,5,desktop,3533,borrow,1
U053,B042,2024-11-15,2024-11-16,4,mobile,1091,preview,0
U048,B043,2024-09-27,2024-10-09,4,tablet,1907,preview,0
U095,B011,2024-05-24,2024-06-06,3,mobile,819,preview,0
U078,B036,2024-02-19,2024-02-23,5,tablet,2734,preview,0
U038,B025,2024-06-29,2024-07-07,4,desktop,3246,preview,0
U070,B000,2024-01-15,2024-01-24,1,desktop,2553,preview,0
U038,B018,2024-08-23,2024-08-27,1,mobile,2001,preview,0
U026,B027,2024-11-14,2024-11-20,5,desktop,2848,preview,0
U074,B038,2024-12-09,2024-12-17,5,tablet,1387,borrow,1
U083,B020,2024-03-12,2024-03-17,2,desktop,2313,preview,0
U059,B028,2024-04-04,2024-04-10,1,tablet,1624,borrow,0
U056,B043,2024-04-11,2024-04-20,3,tablet,513,preview,0
U027,B032,2024-02-10,2024-02-11,4,mobile,3417,preview,0
U060,B047,2024-06-09,2024-06-19,1,desktop,2343,preview,0
U021,B042,2024-08-12,2024-08-13,1,mobile,2249,borrow,0
U010,B018,2024-04-25,2024-05-05,2,desktop,3474,preview,0
U065,B042,2024-12-24,2025-01-03,2,desktop,2469,borrow,0
U081,B039,2024-04-15,2024-04-22,3,mobile,2195,borrow,0
U042,B005,2024-05-02,2024-05-08,1,mobile,3121,borrow,0
U096,B015,2024-08-10,2024-08-19,2,desktop,1015,preview,0
U086,B019,2024-11-13,2024-11-17,3,desktop,410,borrow,0
U028,B012,2024-01-07,2024-01-18,2,desktop,321,borrow,0
U018,B001,2024-01-03,2024-01-12,3,desktop,313,preview,0
U005,B015,2024-01-12,2024-01-19,5,mobile,1860,borrow,1
U060,B039,2024-05-01,2024-05-04,4,tablet,1049,borrow,1
U098,B004,2024-08-08,2024-08-15,3,mobile,994,preview,0
U058,B026,2024-03-22,2024-03-28,5,desktop,961,preview,0
U080,B036,2024-11-07,2024-11-16,2,tablet,3271,borrow,0
U024,B045,2024-02-04,2024-02-17,1,mobile,2282,borrow,0
U089,B024,2024-11-27,2024-11-28,2,desktop,2048,borrow,0
U063,B025,2024-01-24,2024-01-28,4,mobile,815,preview,0
U031,B009,2024-01-20,2024-02-01,3,desktop,2012,preview,0
U083,B044,2024-04-14,2024-04-18,2,desktop,3488,preview,0
U000,B048,2024-08-15,2024-08-17,4,tablet,1741,preview,0
U098,B006,2024-10-21,2024-10-31,2,tablet,1694,preview,0
U099,B027,2024-05-04,2024-05-16,5,tablet,829,borrow,1
U028,B011,2024-08-12,2024-08-15,2,desktop,2447,preview,0
U089,B033,2024-01-14,2024-01-16,5,tablet,2640,preview,0
U059,B003,2024-02-10,2024-02-16,1,mobile,1946,preview,0
U071,B015,2024-05-09,2024-05-16,3,desktop,3516,borrow,0
U015,B029,2024-01-28,2024-01-30,5,tablet,1552,borrow,1
U017,B029,2024-06-12,2024-06-25,3,tablet,2634,preview,0
U085,B033,2024-07-13,2024-07-19,2,desktop,2939,borrow,0
U071,B038,2024-09-22,2024-10-04,5,desktop,1580,preview,0
U040,B048,2024-09-20,2024-10-01,4,mobile,2660,preview,0
U056,B039,2024-04-30,2024-05-11,5,mobile,3034,preview,0
U092,B032,2024-06-13,2024-06-14,4,mobile,1955,preview,0
U054,B035,2024-06-04,2024-06-10,4,tablet,1256,preview,0
U057,B010,2024-11-29,2024-12-01,5,mobile,2858,preview,0
U095,B030,2024-10-08,2024-10-21,3,mobile,2466,preview,0
U057,B016,2024-09-01,2024-09-12,1,mobile,1484,borrow,0
U096,B015,2024-07-24,2024-08-05,5,desktop,575,preview,0
U081,B017,2024-08-03,2024-08-14,2,tablet,425,borrow,0
U098,B049,2024-11-01,2024-11-14,3,mobile,3410,preview,0
U066,B031,2024-10-20,2024-10-24,5,tablet,2731,preview,0
U080,B015,2024-12-01,2024-12-03,2,desktop,1191,borrow,0
U035,B028,2024-05-08,2024-05-15,5,mobile,1681,borrow,1
U009,B045,2024-03-26,2024-03-28,2,mobile,2658,borrow,0
U036,B015,2024-04-23,2024-04-25,1,mobile,602,preview,0
U034,B021,2024-11-23,2024-12-02,1,desktop,2287,borrow,0
U040,B034,2024-05-26,2024-05-31,2,mobile,2708,preview,0
U010,B008,2024-08-07,2024-08-09,1,desktop,1003,borrow,0
U019,B014,2024-06-17,2024-06-26,5,mobile,2932,borrow,1
U049,B044,2024-06-07,2024-06-16,2,tablet,1647,borrow,0
U019,B045,2024-04-11,2024-04-15,2,desktop,318,preview,0
U027,B004,2024-10-05,2024-10-08,1,mobile,1654,preview,0
U053,B026,2024-11-05,2024-11-12,1,mobile,3072,preview,0
U042,B034,2024-07-17,2024-07-22,5,tablet,3175,borrow,1
U059,B026,2024-10-31,2024-11-01,2,tablet,2263,borrow,0
U007,B013,2024-12-20,2024-12-28,2,desktop,3321,preview,0
U053,B024,2024-09-21,2024-09-24,2,mobile,2675,preview,0
U098,B037,2024-04-26,2024-05-09,4,desktop,964,borrow,1
U089,B001,2024-10-30,2024-11-04,3,tablet,2063,preview,0
U097,B036,2024-12-08,2024-12-14,4,desktop,2845,borrow,1
U048,B030,2024-01-21,2024-01-28,5,tablet,1314,preview,0
U000,B022,2024-10-07,2024-10-11,4,tablet,350,borrow,1
U038,B048,2024-05-20,2024-05-26,5,tablet,2125,preview,0
U049,B026,2024-02-21,2024-03-03,4,mobile,3098,borrow,1
U068,B047,2024-05-15,2024-05-25,2,desktop,1981,borrow,0
U094,B034,2024-03-17,2024-03-21,3,desktop,649,borrow,0
U077,B014,2024-12-16,2024-12-28,5,desktop,1362,borrow,1
U062,B014,2024-03-11,2024-03-19,2,mobile,744,preview,0
U034,B027,2024-02-05,2024-02-09,1,desktop,2098,preview,0
U062,B001,2024-06-21,2024-07-01,5,tablet,3238,borrow,1
U049,B021,2024-04-27,2024-05-02,1,desktop,1543,preview,0
U085,B043,2024-01-09,2024-01-19,5,desktop,1956,preview,0
U051,B046,2024-03-12,2024-03-20,3,mobile,3525,borrow,0
U021,B029,2024-03-08,2024-03-10,2,tablet,3431,borrow,0
U016,B039,2024-05-25,2024-05-28,2,desktop,3340,borrow,0
U068,B001,2024-06-23,2024-06-24,2,tablet,3479,borrow,0
U050,B037,2024-04-28,2024-05-03,5,mobile,961,borrow,1
U072,B042,2024-06-08,2024-06-19,5,desktop,1268,borrow,1
U003,B005,2024-09-10,2024-09-19,3,desktop,1643,borrow,0
U082,B027,2024-03-25,2024-03-27,5,tablet,1877,borrow,1
U017,B029,2024-08-28,2024-09-08,3,tablet,999,preview,0
U023,B003,2024-08-05,2024-08-11,5,desktop,2635,preview,0
U033,B024,2024-02-05,2024-02-13,4,mobile,652,borrow,1
U041,B013,2024-03-13,2024-03-21,1,mobile,2214,borrow,0
U058,B020,2024-07-14,2024-07-27,2,mobile,3175,preview,0
U043,B048,2024-01-05,2024-01-17,5,tablet,459,preview,0
U048,B017,2024-08-17,2024-08-25,4,desktop,366,borrow,1
U096,B026,2024-02-27,2024-03-01,4,desktop,1453,preview,0
U032,B005,2024-04-11,2024-04-12,4,tablet,2701,preview,0
U060,B001,2024-05-29,2024-06-10,5,desktop,2800,borrow,1
U095,B034,2024-10-13,2024-10-22,2,tablet,507,preview,0
U006,B022,2024-06-06,2024-06-15,4,tablet,3259,borrow,1
U028,B041,2024-05-15,2024-05-19,5,tablet,1979,borrow,1
U008,B049,2024-12-13,2024-12-16,4,desktop,1840,preview,0
U083,B002,2024-09-04,2024-09-16,5,mobile,585,preview,0
U096,B001,2024-08-18,2024-08-19,4,mobile,3131,preview,0
U031,B012,2024-08-13,2024-08-26,2,desktop,780,borrow,0
U002,B039,2024-03-06,2024-03-15,3,mobile,3117,borrow,0
U019,B015,2024-11-26,2024-11-29,4,desktop,1989,preview,0
U016,B030,2024-11-06,2024-11-12,3,tablet,705,borrow,0
U085,B007,2024-12-07,2024-12-19,2,mobile,543,preview,0
U072,B013,2024-08-26,2024-08-27,2,desktop,3025,borrow,0
U059,B044,2024-10-17,2024-10-25,3,desktop,1993,preview,0
U032,B049,2024-01-07,2024-01-11,5,desktop,372,borrow,1
U047,B010,2024-03-06,2024-03-17,2,desktop,3278,preview,0
U077,B038,2024-10-02,2024-10-04,2,desktop,1860,borrow,0
U095,B045,2024-09-09,2024-09-15,1,mobile,463,preview,0
U014,B049,2024-12-01,2024-12-07,4,desktop,2728,borrow,1
U020,B019,2024-01-25,2024-02-07,5,mobile,2829,preview,0
U013,B037,2024-01-25,2024-01-29,4,mobile,2279,preview,0
U003,B019,2024-05-07,2024-05-19,4,mobile,842,preview,0
U073,B043,2024-11-11,2024-11-17,2,mobile,342,preview,0
U048,B025,2024-05-30,2024-06-02,5,tablet,3358,borrow,1
U091,B012,2024-09-22,2024-10-01,3,desktop,2729,preview,0
U009,B037,2024-09-09,2024-09-17,3,tablet,756,borrow,0
U088,B040,2024-04-08,2024-04-13,3,mobile,1479,borrow,0
U031,B006,2024-03-20,2024-04-01,1,mobile,2095,borrow,0
U089,B049,2024-12-24,2025-01-05,4,mobile,1119,preview,0
U038,B043,2024-08-18,2024-08-20,4,tablet,1808,borrow,1
U076,B007,2024-03-02,2024-03-15,3,tablet,2866,preview,0
U072,B002,2024-01-14,2024-01-21,5,mobile,2344,preview,0
U044,B034,2024-07-01,2024-07-03,5,desktop,2752,preview,0
U054,B042,2024-11-09,2024-11-17,1,tablet,1200,borrow,0
U047,B004,2024-07-31,2024-08-10,5,desktop,2840,borrow,1
U064,B041,2024-12-03,2024-12-08,4,mobile,971,borrow,1
U043,B000,2024-07-06,2024-07-17,4,tablet,2240,preview,0
U053,B031,2024-07-01,2024-07-06,4,desktop,2857,preview,0
U013,B027,2024-02-21,2024-03-04,3,desktop,1043,borrow,0
U046,B040,2024-08-08,2024-08-12,5,mobile,2901,preview,0
U058,B045,2024-04-22,2024-05-01,1,mobile,3491,borrow,0
U019,B027,2024-05-08,2024-05-10,2,mobile,1420,preview,0
U022,B046,2024-11-09,2024-11-21,2,mobile,1014,preview,0
U066,B041,2024-08-01,2024-08-09,1,mobile,378,preview,0
U034,B039,2024-12-08,2024-12-16,5,mobile,2814,preview,0
U068,B049,2024-03-27,2024-04-01,1,mobile,3571,borrow,0
U061,B029,2024-02-12,2024-02-13,3,mobile,707,preview,0
U055,B046,2024-01-17,2024-01-22,2,mobile,531,borrow,0
U075,B017,2024-08-15,2024-08-26,3,tablet,1534,preview,0
U041,B015,2024-02-20,2024-03-02,5,desktop,1584,preview,0
U011,B017,2024-12-17,2024-12-25,4,desktop,1873,borrow,1
U057,B015,2024-08-10,2024-08-18,2,mobile,2676,borrow,0
U096,B029,2024-02-18,2024-02-22,1,desktop,3183,borrow,0
U072,B039,2024-08-04,2024-08-14,2,tablet,489,preview,0
U085,B024,2024-05-28,2024-06-01,2,tablet,1811,preview,0
U043,B001,2024-09-25,2024-09-30,4,tablet,1611,preview,0
U063,B020,2024-01-11,2024-01-21,2,tablet,2620,borrow,0
U023,B031,2024-06-01,2024-06-09,4,tablet,1145,preview,0
U027,B022,2024-04-23,2024-04-29,5,desktop,2303,preview,0
U033,B021,2024-10-14,2024-10-17,5,desktop,2460,borrow,1
U035,B038,2024-05-01,2024-05-08,4,tablet,2844,borrow,1
U089,B017,2024-01-18,2024-01-23,5,mobile,3369,preview,0
U071,B000,2024-10-28,2024-11-05,4,desktop,946,preview,0
U066,B012,2024-07-21,2024-07-27,1,desktop,534,preview,0
U010,B015,2024-12-13,2024-12-26,5,mobile,1069,borrow,1
U092,B026,2024-10-09,2024-10-11,3,tablet,1786,borrow,0
U062,B035,2024-03-28,2024-04-09,3,mobile,2625,borrow,0
U097,B015,2024-07-07,2024-07-08,3,tablet,1002,borrow,0
U088,B030,2024-01-30,2024-02-06,5,tablet,1604,borrow,1
U082,B045,2024-05-15,2024-05-25,4,desktop,2476,borrow,1
U062,B028,2024-01-03,2024-01-04,2,tablet,1547,preview,0
U002,B005,2024-01-10,2024-01-15,3,desktop,2578,borrow,0
U037,B014,2024-03-06,2024-03-15,4,mobile,1716,preview,0
U051,B044,2024-03-26,2024-04-05,4,desktop,613,borrow,1
U031,B019,2024-01-14,2024-01-23,3,desktop,3391,preview,0
U084,B037,2024-08-30,2024-09-06,5,desktop,3582,preview,0
U047,B030,2024-05-11,2024-05-24,3,desktop,2883,preview,0
U070,B033,2024-10-19,2024-10-25,5,mobile,1121,preview,0
U044,B027,2024-02-07,2024-02-11,4,mobile,1240,borrow,1
U095,B035,2024-04-28,2024-05-05,3,mobile,825,preview,0
U042,B022,2024-08-16,2024-08-26,4,tablet,2847,preview,0
U089,B029,2024-09-10,2024-09-18,3,desktop,893,borrow,0
U034,B019,2024-07-06,2024-07-18,3,tablet,2201,preview,0
U032,B014,2024-05-31,2024-06-13,5,desktop,1637,borrow,1
U015,B046,2024-12-21,2024-12-24,1,mobile,1039,borrow,0
U024,B020,2024-05-25,2024-05-29,4,mobile,3110,borrow,1
U015,B047,2024-10-29,2024-11-09,5,mobile,1319,borrow,1
U068,B048,2024-07-16,2024-07-20,4,tablet,2310,borrow,1
U088,B011,2024-12-24,2025-01-02,1,desktop,1136,preview,0
U024,B013,2024-03-01,2024-03-11,5,desktop,2094,borrow,1
U094,B030,2024-04-22,2024-04-28,1,mobile,3057,borrow,0
U035,B046,2024-12-30,2025-01-02,3,mobile,1749,preview,0
U075,B048,2024-03-09,2024-03-22,1,mobile,2303,borrow,0
U067,B038,2024-03-14,2024-03-19,4,desktop,1925,preview,0
U036,B006,2024-08-18,2024-08-25,1,desktop,3278,preview,0
U024,B018,2024-11-08,2024-11-12,4,desktop,3156,preview,0
U029,B023,2024-07-06,2024-07-15,1,tablet,1919,preview,0
U022,B019,2024-07-31,2024-08-08,4,desktop,2761,borrow,1
U001,B045,2024-06-11,2024-06-18,2,desktop,931,preview,0
U068,B008,2024-06-30,2024-07-10,4,mobile,504,borrow,1
U035,B002,2024-10-27,2024-10-31,2,tablet,2943,preview,0
U006,B035,2024-12-28,2025-01-06,2,mobile,2543,borrow,0
U037,B044,2024-01-07,2024-01-13,2,tablet,1722,preview,0
U016,B040,2024-09-04,2024-09-15,5,tablet,1243,preview,0
U096,B031,2024-06-02,2024-06-14,5,desktop,1636,preview,0
U013,B000,2024-01-21,2024-01-23,2,mobile,3502,borrow,0
U073,B018,2024-10-31,2024-11-03,5,tablet,2180,preview,0
U060,B030,2024-06-09,2024-06-11,2,mobile,1194,borrow,0
U056,B021,2024-11-22,2024-11-28,1,tablet,2636,preview,0
U023,B003,2024-03-01,2024-03-14,2,desktop,2375,borrow,0
U032,B030,2024-06-17,2024-06-24,1,desktop,476,preview,0
U014,B004,2024-07-16,2024-07-18,5,mobile,3189,borrow,1
U051,B031,2024-01-02,2024-01-08,2,mobile,3437,preview,0
U009,B036,2024-05-23,2024-05-26,4,mobile,3457,preview,0
U080,B043,2024-10-20,2024-11-01,3,tablet,910,borrow,0
U006,B009,2024-02-18,2024-02-25,2,mobile,831,borrow,0
U019,B036,2024-03-08,2024-03-12,5,desktop,1978,borrow,1
U038,B005,2024-08-01,2024-08-05,2,desktop,3348,preview,0
U031,B007,2024-01-26,2024-01-27,1,tablet,2413,preview,0
U071,B048,2024-09-10,2024-09-13,4,mobile,1877,borrow,1
U053,B038,2024-09-18,2024-09-25,3,tablet,2948,preview,0
U076,B039,2024-07-15,2024-07-18,4,tablet,2851,preview,0
U028,B049,2024-01-08,2024-01-16,5,mobile,2511,borrow,1
U066,B024,2024-03-12,2024-03-19,2,mobile,858,preview,0
U057,B028,2024-11-11,2024-11-15,3,desktop,2733,borrow,0
U038,B037,2024-09-15,2024-09-26,1,desktop,2198,preview,0
U054,B019,2024-05-08,2024-05-15,4,mobile,3275,preview,0
U072,B039,2024-04-16,2024-04-21,3,desktop,3313,preview,0
U007,B039,2024-05-16,2024-05-28,1,tablet,3161,borrow,0
U094,B006,2024-04-18,2024-04-25,5,mobile,969,preview,0
U097,B013,2024-09-16,2024-09-28,3,desktop,1829,borrow,0
U080,B013,2024-05-07,2024-05-18,3,mobile,1860,borrow,0
U033,B042,2024-07-14,2024-07-23,5,desktop,3369,borrow,1
U010,B010,2024-07-07,2024-07-19,4,mobile,564,preview,0
U030,B011,2024-05-13,2024-05-16,2,mobile,1718,borrow,0
U070,B004,2024-12-29,2025-01-10,2,mobile,3072,preview,0
U020,B000,2024-05-10,2024-05-22,5,desktop,1285,preview,0
U052,B028,2024-09-04,2024-09-14,5,desktop,1740,borrow,1
U088,B038,2024-06-28,2024-06-30,2,mobile,2654,preview,0
U060,B018,2024-03-15,2024-03-24,1,tablet,3547,borrow,0
U004,B014,2024-04-17,2024-04-28,1,desktop,1230,preview,0
U036,B045,2024-09-28,2024-09-30,4,desktop,782,borrow,1
U036,B044,2024-07-19,2024-07-23,3,mobile,1267,preview,0
U058,B004,2024-10-29,2024-11-04,5,tablet,3562,borrow,1
U087,B014,2024-11-08,2024-11-13,4,mobile,2319,borrow,1
U033,B040,2024-02-08,2024-02-17,5,tablet,2087,borrow,1
U075,B042,2024-07-28,2024-07-31,3,mobile,945,borrow,0
U025,B027,2024-03-31,2024-04-02,4,desktop,2897,borrow,1
U014,B034,2024-11-23,2024-11-26,3,tablet,1865,preview,0
U028,B041,2024-10-07,2024-10-15,1,desktop,453,borrow,0
U019,B017,2024-04-19,2024-04-22,3,tablet,1749,borrow,0
U018,B004,2024-10-10,2024-10-14,1,mobile,3434,borrow,0
U007,B010,2024-05-03,2024-05-10,3,mobile,1831,borrow,0
U039,B038,2024-04-29,2024-05-05,4,mobile,2152,preview,0
U095,B036,2024-10-12,2024-10-21,1,mobile,3167,preview,0
U036,B028,2024-07-21,2024-07-26,3,tablet,3348,preview,0
U015,B029,2024-08-09,2024-08-18,4,tablet,367,preview,0
U088,B019,2024-01-02,2024-01-11,1,mobile,1921,preview,0
U089,B025,2024-05-06,2024-05-13,1,mobile,1385,preview,0
U034,B032,2024-06-06,2024-06-18,2,tablet,1078,borrow,0
U069,B031,2024-09-11,2024-09-16,4,mobile,1627,borrow,1
U056,B005,2024-06-20,2024-06-21,1,mobile,2344,borrow,0
U076,B002,2024-11-19,2024-11-22,1,mobile,781,preview,0
U055,B047,2024-10-27,2024-11-03,4,tablet,1747,preview,0
U041,B038,2024-03-16,2024-03-25,4,tablet,2373,borrow,1
U032,B001,2024-08-19,2024-08-24,4,tablet,1873,borrow,1
U011,B014,2024-06-05,2024-06-08,4,tablet,1778,preview,0
U086,B036,2024-09-16,2024-09-22,4,mobile,878,preview,0
U075,B001,2024-06-10,2024-06-21,1,tablet,1684,preview,0
U097,B043,2024-03-27,2024-04-02,1,desktop,2561,preview,0
U034,B036,2024-03-01,2024-03-13,3,desktop,1029,preview,0
U005,B048,2024-12-27,2024-12-28,5,mobile,2440,borrow,1
U096,B011,2024-12-20,2024-12-28,5,desktop,1614,preview,0
U060,B033,2024-11-07,2024-11-08,1,mobile,1000,preview,0
U083,B028,2024-07-08,2024-07-16,4,tablet,703,borrow,1
U035,B011,2024-03-30,2024-04-06,2,mobile,2268,borrow,0
U074,B027,2024-11-05,2024-11-14,5,mobile,1667,borrow,1
U081,B031,2024-02-10,2024-02-11,3,mobile,3166,borrow,0
U011,B030,2024-07-01,2024-07-10,3,tablet,696,preview,0
U044,B026,2024-05-26,2024-06-06,5,mobile,2474,borrow,1
U042,B020,2024-06-16,2024-06-28,5,tablet,883,borrow,1
U085,B006,2024-04-18,2024-04-30,5,mobile,2252,preview,0
U020,B021,2024-04-12,2024-04-24,1,desktop,819,borrow,0
U052,B044,2024-06-22,2024-06-29,1,desktop,3352,borrow,0
U063,B018,2024-12-05,2024-12-07,1,desktop,1647,borrow,0
U084,B025,2024-03-22,2024-03-27,4,tablet,2074,preview,0
U097,B035,2024-03-24,2024-03-25,2,mobile,631,borrow,0
U004,B029,2024-05-22,2024-05-31,5,tablet,2093,borrow,1
U011,B020,2024-07-20,2024-07-22,5,tablet,2166,preview,0
U032,B020,2024-07-28,2024-07-31,1,desktop,3060,borrow,0
U014,B049,2024-01-28,2024-01-31,5,desktop,3014,preview,0
U051,B032,2024-04-02,2024-04-08,2,tablet,2235,borrow,0
U000,B042,2024-09-24,2024-09-27,5,tablet,2156,borrow,1
U069,B029,2024-12-22,2024-12-27,1,desktop,348,borrow,0
U052,B003,2024-10-20,2024-11-01,3,mobile,1761,preview,0
U024,B033,2024-04-08,2024-04-21,5,tablet,2420,preview,0
U046,B039,2024-05-01,2024-05-13,3,desktop,2123,borrow,0
U096,B031,2024-06-04,2024-06-16,3,tablet,1364,preview,0
U080,B028,2024-06-08,2024-06-18,4,tablet,1441,preview,0
U097,B003,2024-06-15,2024-06-17,4,mobile,306,borrow,1
U026,B017,2024-02-25,2024-02-26,4,mobile,2906,borrow,1
U070,B008,2024-06-05,2024-06-15,3,desktop,2311,borrow,0
U036,B028,2024-05-05,2024-05-16,5,mobile,3228,preview,0
U089,B031,2024-06-24,2024-06-28,4,desktop,1132,borrow,1
U015,B001,2024-12-30,2025-01-01,3,mobile,3273,borrow,0
U080,B038,2024-03-15,2024-03-28,3,desktop,1478,preview,0
U030,B045,2024-08-21,2024-08-24,3,desktop,2609,borrow,0
U020,B019,2024-09-01,2024-09-11,5,mobile,2469,borrow,1
U070,B000,2024-06-18,2024-06-30,4,mobile,3406,preview,0
U070,B026,2024-07-19,2024-07-20,3,mobile,376,borrow,0
U011,B014,2024-05-05,2024-05-09,4,mobile,2456,borrow,1
U014,B029,2024-06-13,2024-06-22,2,mobile,2232,borrow,0
U015,B041,2024-12-07,2024-12-12,3,tablet,2690,borrow,0
U019,B031,2024-02-11,2024-02-13,1,mobile,1061,borrow,0
U091,B018,2024-01-21,2024-02-02,4,tablet,658,borrow,1
U065,B045,2024-04-01,2024-04-09,5,mobile,2830,borrow,1
U034,B026,2024-12-19,2024-12-30,1,tablet,2856,borrow,0
U061,B030,2024-09-08,2024-09-10,2,desktop,2084,borrow,0
U031,B029,2024-06-13,2024-06-20,4,mobile,2867,borrow,1
U070,B009,2024-05-24,2024-05-29,3,desktop,2346,borrow,0
U049,B012,2024-12-19,2024-12-30,4,desktop,2008,preview,0
U076,B032,2024-05-28,2024-06-03,4,tablet,1810,borrow,1
U095,B008,2024-07-02,2024-07-06,2,mobile,857,preview,0
U008,B017,2024-03-10,2024-03-11,2,tablet,2494,preview,0
U098,B026,2024-04-17,2024-04-29,2,desktop,3370,preview,0
U043,B032,2024-04-11,2024-04-22,3,mobile,1539,borrow,0
U034,B000,2024-07-10,2024-07-19,5,tablet,2014,preview,0
U036,B046,2024-08-06,2024-08-08,4,tablet,2010,borrow,1
U038,B037,2024-12-30,2025-01-02,4,tablet,2163,borrow,1
U074,B042,2024-12-02,2024-12-03,3,mobile,3084,borrow,0
U062,B009,2024-10-20,2024-10-23,5,tablet,3184,borrow,1
U057,B034,2024-07-07,2024-07-14,5,desktop,2827,preview,0
U061,B022,2024-06-19,2024-06-22,2,desktop,3253,preview,0
U042,B035,2024-05-05,2024-05-10,1,desktop,995,preview,0
U097,B034,2024-10-29,2024-11-01,2,tablet,2611,borrow,0
U048,B029,2024-11-22,2024-11-29,4,tablet,1388,borrow,1
U041,B012,2024-02-06,2024-02-07,5,tablet,1872,preview,0
U089,B015,2024-05-15,2024-05-20,1,mobile,3498,preview,0
U073,B024,2024-02-04,2024-02-06,1,tablet,3475,preview,0
U029,B049,2024-09-16,2024-09-22,4,tablet,1209,borrow,1
U052,B002,2024-06-21,2024-06-23,3,mobile,2430,preview,0
U040,B047,2024-01-16,2024-01-18,2,mobile,2722,preview,0
U060,B045,2024-05-23,2024-05-29,2,desktop,749,borrow,0
U048,B024,2024-07-02,2024-07-14,3,desktop,2642,preview,0
U084,B041,2024-08-02,2024-08-10,3,desktop,1890,preview,0
U019,B031,2024-08-08,2024-08-15,1,mobile,2668,borrow,0
U004,B008,2024-06-06,2024-06-11,3,mobile,1856,borrow,0
U064,B037,2024-10-01,2024-10-10,1,mobile,3073,borrow,0
U042,B006,2024-01-23,2024-02-02,4,desktop,1779,preview,0
U056,B006,2024-06-08,2024-06-10,4,desktop,3549,preview,0
U067,B029,2024-02-22,2024-03-01,4,tablet,1345,borrow,1
U001,B046,2024-02-28,2024-03-06,2,desktop,1335,preview,0
U018,B026,2024-09-04,2024-09-06,1,tablet,1398,preview,0
U083,B009,2024-02-18,2024-02-27,2,tablet,1564,borrow,0
U009,B030,2024-06-02,2024-06-04,1,desktop,2641,borrow,0
U033,B021,2024-03-28,2024-03-30,5,mobile,2737,preview,0
U079,B044,2024-11-15,2024-11-28,1,tablet,932,borrow,0
U050,B041,2024-05-26,2024-06-04,4,tablet,1997,preview,0
U010,B021,2024-04-09,2024-04-11,5,tablet,1118,borrow,1
U086,B034,2024-06-25,2024-07-01,2,tablet,2748,borrow,0
U048,B020,2024-08-05,2024-08-18,1,mobile,2310,preview,0
U080,B045,2024-06-23,2024-06-30,5,mobile,534,borrow,1
U097,B031,2024-01-24,2024-02-05,4,tablet,2108,borrow,1
U069,B002,2024-10-07,2024-10-16,3,mobile,3326,preview,0
U079,B004,2024-10-19,2024-10-29,4,mobile,1424,preview,0
U030,B040,2024-02-10,2024-02-13,2,tablet,1819,preview,0
U087,B018,2024-08-14,2024-08-26,1,mobile,1191,borrow,0
U029,B047,2024-07-28,2024-08-02,2,mobile,1423,preview,0
U011,B027,2024-05-16,2024-05-25,1,desktop,1782,preview,0
U012,B048,2024-04-18,2024-04-25,2,mobile,2072,borrow,0
U081,B045,2024-08-03,2024-08-11,2,tablet,2127,borrow,0
U012,B028,2024-01-28,2024-02-03,1,mobile,839,preview,0
U021,B044,2024-01-21,2024-02-02,5,tablet,2574,borrow,1
U038,B001,2024-02-18,2024-02-24,5,desktop,1973,preview,0
U005,B020,2024-10-29,2024-11-03,5,desktop,857,borrow,1
U007,B018,2024-04-11,2024-04-19,1,desktop,2305,preview,0
U045,B023,2024-05-17,2024-05-20,1,mobile,686,preview,0
U055,B009,2024-06-30,2024-07-04,1,mobile,470,preview,0
U031,B033,2024-07-06,2024-07-16,4,desktop,418,preview,0
U052,B036,2024-06-23,2024-06-24,3,desktop,2295,preview,0
U087,B011,2024-06-29,2024-07-09,1,tablet,2522,preview,0
U021,B011,2024-05-13,2024-05-20,1,mobile,964,borrow,0
U010,B039,2024-01-07,2024-01-11,3,mobile,2359,borrow,0
U048,B039,2024-05-14,2024-05-18,1,tablet,606,preview,0
U087,B015,2024-11-26,2024-12-04,1,mobile,3330,preview,0
U063,B037,2024-02-14,2024-02-20,3,tablet,943,borrow,0
U018,B014,2024-06-05,2024-06-07,5,desktop,2759,borrow,1
U059,B040,2024-05-03,2024-05-10,2,desktop,815,preview,0
U032,B029,2024-04-28,2024-05-03,4,desktop,3514,preview,0
U032,B042,2024-08-20,2024-08-21,4,tablet,1413,borrow,1
U001,B029,2024-12-27,2025-01-05,2,desktop,3396,borrow,0
U036,B043,2024-10-27,2024-10-30,5,tablet,760,preview,0
U069,B010,2024-12-25,2024-12-29,4,tablet,3210,borrow,1
U009,B028,2024-11-16,2024-11-17,4,tablet,2911,borrow,1
U044,B037,2024-02-16,2024-02-25,1,desktop,3141,preview,0
U038,B040,2024-01-05,2024-01-09,1,mobile,2806,preview,0
U054,B044,2024-08-13,2024-08-26,5,desktop,2624,preview,0
U032,B029,2024-10-20,2024-10-26,2,desktop,2557,preview,0
U038,B012,2024-08-10,2024-08-13,5,desktop,1841,preview,0
U049,B030,2024-08-22,2024-09-03,5,mobile,2678,preview,0
U013,B015,2024-01-11,2024-01-23,4,desktop,2619,borrow,1
U048,B036,2024-09-08,2024-09-16,1,tablet,3461,preview,0
U045,B036,2024-05-18,2024-05-23,3,mobile,2621,borrow,0
U037,B044,2024-11-06,2024-11-12,2,desktop,2301,preview,0
U037,B001,2024-09-16,2024-09-28,3,tablet,1096,borrow,0
U084,B025,2024-12-19,2024-12-20,5,tablet,2134,preview,0
U035,B000,2024-09-03,2024-09-11,4,mobile,2709,borrow,1
U072,B043,2024-04-03,2024-04-04,1,tablet,1362,borrow,0
U099,B047,2024-03-24,2024-04-01,5,desktop,2177,preview,0
U006,B038,2024-02-13,2024-02-22,4,mobile,2421,borrow,1
U095,B031,2024-06-04,2024-06-14,5,tablet,2518,preview,0
U036,B049,2024-06-18,2024-06-30,3,desktop,2803,preview,0
U029,B038,2024-04-10,2024-04-21,3,mobile,648,preview,0
U045,B014,2024-05-20,2024-06-02,1,desktop,3087,preview,0
U081,B012,2024-09-04,2024-09-11,3,tablet,2893,borrow,0
U079,B016,2024-06-08,2024-06-17,1,mobile,626,borrow,0
U086,B048,2024-04-26,2024-04-29,1,tablet,3065,preview,0
U092,B049,2024-06-21,2024-06-25,5,mobile,2303,borrow,1
U084,B043,2024-03-22,2024-03-26,1,mobile,2461,preview,0
U017,B040,2024-06-02,2024-06-15,3,tablet,1589,borrow,0
U012,B040,2024-02-10,2024-02-19,1,mobile,2213,borrow,0
U082,B002,2024-10-04,2024-10-06,5,mobile,2260,preview,0
U039,B028,2024-07-15,2024-07-26,3,tablet,960,preview,0
U004,B037,2024-10-08,2024-10-11,4,tablet,1432,borrow,1
U046,B046,2024-10-29,2024-11-05,5,tablet,2501,borrow,1
U016,B005,2024-05-11,2024-05-18,2,desktop,383,preview,0
U037,B020,2024-04-18,2024-05-01,3,mobile,1691,preview,0
U095,B026,2024-04-12,2024-04-24,4,desktop,774,preview,0
U022,B012,2024-09-27,2024-09-30,3,mobile,2220,borrow,0
U016,B034,2024-10-06,2024-10-17,4,tablet,2536,preview,0
U046,B033,2024-01-24,2024-02-01,3,desktop,3375,preview,0
U064,B017,2024-06-29,2024-07-07,5,tablet,3224,borrow,1
U021,B016,2024-09-10,2024-09-15,1,desktop,980,borrow,0
U061,B018,2024-09-05,2024-09-17,5,desktop,1649,borrow,1
U095,B021,2024-05-17,2024-05-25,5,tablet,1938,borrow,1
U014,B029,2024-07-30,2024-08-02,4,tablet,641,preview,0
U009,B009,2024-11-27,2024-12-03,4,tablet,1834,borrow,1
U096,B014,2024-06-17,2024-06-22,2,mobile,2149,preview,0
U086,B046,2024-07-08,2024-07-13,3,mobile,1435,borrow,0
U086,B025,2024-07-24,2024-08-02,3,desktop,795,borrow,0
U071,B023,2024-08-15,2024-08-22,5,desktop,512,preview,0
U011,B025,2024-08-28,2024-09-08,2,tablet,2122,preview,0
U001,B016,2024-02-01,2024-02-12,1,desktop,3114,borrow,0
U068,B007,2024-05-18,2024-05-28,1,desktop,2852,preview,0
U058,B023,2024-02-17,2024-02-21,3,tablet,452,borrow,0
U086,B047,2024-12-22,2024-12-28,1,mobile,2156,borrow,0
U086,B016,2024-10-18,2024-10-19,2,mobile,1194,preview,0
U074,B024,2024-09-27,2024-10-04,1,tablet,3569,borrow,0
U081,B023,2024-06-15,2024-06-28,1,desktop,2660,preview,0
U013,B043,2024-09-07,2024-09-16,5,mobile,2420,preview,0
U029,B030,2024-09-18,2024-09-22,1,mobile,1838,borrow,0
U003,B039,2024-02-18,2024-03-01,1,tablet,2456,borrow,0
U071,B020,2024-09-27,2024-10-01,3,desktop,668,borrow,0
U078,B014,2024-03-18,2024-03-28,2,mobile,1593,borrow,0
U082,B004,2024-09-03,2024-09-07,3,tablet,3272,preview,0
U081,B029,2024-06-16,2024-06-19,5,mobile,2540,borrow,1
U089,B019,2024-12-01,2024-12-07,3,mobile,2155,borrow,0
U083,B026,2024-07-22,2024-08-02,1,tablet,1781,preview,0
U014,B008,2024-04-04,2024-04-08,3,tablet,1837,borrow,0
U005,B002,2024-11-23,2024-11-30,3,desktop,674,preview,0
U038,B031,2024-09-28,2024-10-05,2,tablet,3550,preview,0
U014,B006,2024-11-23,2024-12-05,4,mobile,412,preview,0
U030,B034,2024-02-22,2024-03-04,1,mobile,439,preview,0
U017,B024,2024-04-06,2024-04-11,5,mobile,2247,preview,0
U058,B023,2024-02-28,2024-02-29,1,desktop,349,borrow,0
U085,B047,2024-08-01,2024-08-06,4,tablet,1773,borrow,1
U089,B034,2024-05-20,2024-05-24,3,desktop,2738,preview,0
U053,B037,2024-11-05,2024-11-18,2,mobile,2115,borrow,0
U095,B046,2024-07-20,2024-07-29,2,mobile,1715,preview,0
U019,B026,2024-06-05,2024-06-15,2,mobile,2669,borrow,0
U083,B006,2024-11-13,2024-11-22,2,mobile,3453,preview,0
U062,B039,2024-08-06,2024-08-07,3,tablet,3366,preview,0
U052,B017,2024-04-07,2024-04-16,2,tablet,507,preview,0
U004,B044,2024-10-06,2024-10-16,2,desktop,321,borrow,0
U047,B013,2024-10-21,2024-11-01,4,mobile,1818,borrow,1
U056,B028,2024-02-10,2024-02-16,3,tablet,895,borrow,0
U030,B023,2024-11-17,2024-11-22,3,desktop,3265,preview,0
U012,B043,2024-07-25,2024-08-05,1,desktop,372,preview,0
U047,B034,2024-02-17,2024-02-23,4,mobile,1766,borrow,1
U082,B022,2024-09-14,2024-09-27,2,mobile,2942,borrow,0
U007,B025,2024-09-22,2024-09-27,3,tablet,961,preview,0
U035,B012,2024-09-04,2024-09-10,1,desktop,2761,borrow,0
U015,B029,2024-10-10,2024-10-11,4,mobile,600,borrow,1
U011,B042,2024-10-31,2024-11-09,2,tablet,2220,preview,0
U027,B041,2024-03-13,2024-03-26,1,desktop,917,preview,0
U081,B038,2024-10-09,2024-10-15,3,desktop,2079,borrow,0
U002,B003,2024-05-06,2024-05-15,5,tablet,943,borrow,1
U042,B015,2024-03-13,2024-03-24,4,desktop,3262,borrow,1
U016,B036,2024-02-12,2024-02-21,2,mobile,2517,preview,0
U026,B004,2024-06-16,2024-06-23,4,mobile,3104,borrow,1
U097,B035,2024-03-03,2024-03-04,5,mobile,1689,borrow,1
U026,B037,2024-10-16,2024-10-24,2,tablet,360,borrow,0
U027,B014,2024-11-13,2024-11-23,2,mobile,630,preview,0
U042,B049,2024-10-30,2024-11-06,3,desktop,1661,preview,0
U018,B038,2024-11-14,2024-11-27,2,desktop,2734,preview,0
U000,B017,2024-11-16,2024-11-23,3,tablet,2099,preview,0
U018,B008,2024-07-27,2024-08-05,3,mobile,689,borrow,0
U069,B016,2024-10-21,2024-10-22,5,mobile,2017,borrow,1
U022,B007,2024-12-03,2024-12-11,2,tablet,3200,borrow,0
U084,B001,2024-02-27,2024-03-09,2,tablet,1511,preview,0
U016,B000,2024-04-23,2024-05-05,4,tablet,1872,preview,0
U045,B015,2024-12-19,2024-12-25,5,tablet,3556,preview,0
U075,B020,2024-08-01,2024-08-08,4,mobile,1174,preview,0
U002,B011,2024-07-25,2024-07-26,2,tablet,3374,borrow,0
U033,B003,2024-04-11,2024-04-17,5,mobile,1307,borrow,1
U016,B047,2024-07-20,2024-08-01,3,mobile,541,borrow,0
U053,B033,2024-10-29,2024-11-02,4,tablet,1102,borrow,1
U014,B047,2024-05-08,2024-05-12,2,tablet,2659,borrow,0
U008,B030,2024-06-01,2024-06-06,4,mobile,2213,preview,0
U057,B049,2024-06-01,2024-06-14,5,tablet,2137,preview,0
U046,B032,2024-04-19,2024-04-29,1,mobile,613,borrow,0
U075,B006,2024-07-31,2024-08-13,3,mobile,1329,borrow,0
U057,B032,2024-02-04,2024-02-11,5,desktop,2772,preview,0
U028,B039,2024-03-27,2024-03-28,1,tablet,2761,borrow,0
U005,B046,2024-08-01,2024-08-10,5,mobile,2000,preview,0
U084,B033,2024-02-15,2024-02-19,5,tablet,1947,borrow,1
U038,B029,2024-09-03,2024-09-11,5,mobile,749,preview,0
U082,B001,2024-04-17,2024-04-19,1,desktop,961,preview,0
U007,B030,2024-07-27,2024-08-07,2,desktop,798,preview,0
U051,B027,2024-04-24,2024-04-28,2,desktop,2036,preview,0
U087,B006,2024-01-11,2024-01-18,3,tablet,3105,preview,0
U062,B045,2024-05-31,2024-06-08,1,tablet,1832,borrow,0
U056,B004,2024-10-15,2024-10-16,2,tablet,2542,preview,0
U010,B020,2024-06-23,2024-07-03,2,mobile,2248,preview,0
U077,B009,2024-05-20,2024-05-26,5,mobile,3277,preview,0
U008,B008,2024-08-26,2024-09-08,5,mobile,544,borrow,1
U035,B039,2024-10-21,2024-10-29,5,desktop,2364,borrow,1
U081,B037,2024-10-08,2024-10-09,2,tablet,1330,borrow,0
U070,B045,2024-04-12,2024-04-17,1,mobile,2076,borrow,0
U041,B024,2024-01-25,2024-02-05,5,mobile,3578,borrow,1
U076,B033,2024-10-08,2024-10-20,1,mobile,3015,preview,0
U037,B029,2024-11-07,2024-11-08,1,mobile,804,borrow,0
U064,B038,2024-12-29,2025-01-01,5,desktop,1522,borrow,1
U055,B006,2024-05-26,2024-05-28,3,mobile,728,borrow,0
U089,B007,2024-06-29,2024-07-08,2,desktop,2782,preview,0
U083,B041,2024-05-15,2024-05-21,1,desktop,3063,preview,0
U098,B035,2024-10-18,2024-10-30,5,mobile,3420,preview,0
U092,B013,2024-11-17,2024-11-30,4,mobile,2682,preview,0
U055,B028,2024-08-08,2024-08-19,3,desktop,2670,borrow,0
U029,B026,2024-06-30,2024-07-08,4,tablet,3298,borrow,1
U043,B029,2024-02-29,2024-03-04,3,tablet,3493,preview,0
U051,B026,2024-12-12,2024-12-23,1,desktop,1385,borrow,0
U093,B006,2024-12-13,2024-12-25,1,desktop,2664,preview,0
U040,B027,2024-05-15,2024-05-24,5,desktop,2661,preview,0
U040,B042,2024-11-13,2024-11-20,3,desktop,2832,preview,0
U032,B023,2024-02-13,2024-02-26,4,tablet,882,borrow,1
U019,B043,2024-08-07,2024-08-13,3,mobile,2748,borrow,0
U060,B004,2024-03-04,2024-03-14,2,desktop,2080,preview,0
U011,B005,2024-06-18,2024-07-01,3,mobile,2614,borrow,0
U011,B027,2024-02-09,2024-02-22,4,tablet,2733,preview,0
U012,B047,2024-10-26,2024-11-06,1,tablet,1659,preview,0
U094,B023,2024-01-02,2024-01-04,2,tablet,1157,preview,0
U016,B035,2024-08-11,2024-08-12,3,desktop,2852,preview,0
U007,B037,2024-08-09,2024-08-22,5,mobile,3337,preview,0
U071,B035,2024-06-04,2024-06-09,4,desktop,1222,borrow,1
U042,B042,2024-10-04,2024-10-14,4,tablet,1274,preview,0
U015,B026,2024-10-05,2024-10-12,4,desktop,2307,preview,0
U045,B042,2024-12-22,2024-12-26,1,mobile,691,borrow,0
U096,B027,2024-03-03,2024-03-09,5,desktop,3240,preview,0
U092,B003,2024-06-11,2024-06-16,1,desktop,989,preview,0
U036,B038,2024-07-05,2024-07-13,5,tablet,754,preview,0
U039,B022,2024-09-14,2024-09-22,5,tablet,1505,preview,0
U013,B036,2024-02-07,2024-02-18,3,tablet,1256,preview,0
U064,B013,2024-03-01,2024-03-11,3,tablet,664,borrow,0
U019,B042,2024-12-16,2024-12-29,3,mobile,2204,preview,0
U061,B014,2024-07-05,2024-07-10,3,tablet,1249,preview,0
U013,B022,2024-10-30,2024-11-04,2,tablet,2945,borrow,0
U071,B023,2024-12-21,2024-12-28,2,tablet,1558,borrow,0
U014,B048,2024-01-03,2024-01-08,2,mobile,3496,borrow,0
U035,B036,2024-01-25,2024-01-29,3,mobile,1864,borrow,0
U028,B027,2024-03-14,2024-03-27,3,tablet,1599,borrow,0
U071,B049,2024-05-18,2024-05-20,5,tablet,2887,borrow,1
U079,B039,2024-11-10,2024-11-15,4,tablet,1984,preview,0
U086,B041,2024-09-02,2024-09-03,3,desktop,2244,preview,0
U071,B001,2024-07-07,2024-07-09,2,tablet,1890,preview,0
U077,B042,2024-03-15,2024-03-20,3,mobile,1748,borrow,0
U088,B017,2024-12-10,2024-12-19,3,desktop,2805,borrow,0
U003,B011,2024-03-04,2024-03-11,4,mobile,1978,preview,0
U034,B044,2024-08-01,2024-08-03,5,tablet,3068,preview,0
U097,B019,2024-05-21,2024-05-23,1,desktop,1435,borrow,0
U043,B022,2024-02-28,2024-03-10,4,tablet,1079,preview,0
U000,B011,2024-06-14,2024-06-17,5,desktop,1417,borrow,1
U018,B036,2024-11-17,2024-11-22,2,mobile,3089,preview,0
U084,B025,2024-01-26,2024-02-06,4,tablet,3521,preview,0
U008,B009,2024-01-29,2024-02-06,1,desktop,1225,preview,0
U094,B040,2024-12-05,2024-12-09,3,tablet,1467,borrow,0
U003,B005,2024-02-14,2024-02-25,3,tablet,1251,borrow,0
U095,B033,2024-08-02,2024-08-10,3,tablet,1396,borrow,0
U027,B024,2024-07-30,2024-08-04,1,desktop,764,preview,0
U053,B029,2024-07-25,2024-07-30,4,desktop,2713,preview,0
U043,B010,2024-08-18,2024-08-23,1,tablet,1244,preview,0
U047,B019,2024-10-24,2024-11-06,3,tablet,793,preview,0
U092,B020,2024-03-11,2024-03-23,3,desktop,2125,preview,0
U099,B036,2024-02-19,2024-02-25,4,desktop,3275,borrow,1
U076,B005,2024-03-24,2024-03-27,4,mobile,2340,preview,0
U006,B009,2024-12-25,2025-01-05,5,desktop,491,preview,0
U020,B048,2024-02-25,2024-03-08,4,desktop,338,borrow,1
U079,B003,2024-05-04,2024-05-17,4,mobile,3457,borrow,1
U086,B005,2024-12-03,2024-12-09,2,tablet,2179,borrow,0
U034,B028,2024-01-11,2024-01-23,5,desktop,2443,preview,0
U084,B027,2024-09-22,2024-09-30,3,desktop,2243,preview,0
U062,B038,2024-04-21,2024-05-03,1,desktop,1666,borrow,0
U056,B026,2024-09-03,2024-09-13,2,mobile,1762,borrow,0
U034,B013,2024-07-02,2024-07-04,5,mobile,3137,borrow,1
U096,B032,2024-06-24,2024-06-26,1,tablet,1271,borrow,0
U014,B022,2024-04-15,2024-04-22,1,tablet,3196,preview,0
U055,B007,2024-05-27,2024-06-06,2,tablet,3328,borrow,0
U036,B043,2024-07-26,2024-08-04,3,tablet,3409,preview,0
U086,B037,2024-11-22,2024-12-01,2,tablet,347,preview,0
U062,B033,2024-10-21,2024-10-25,5,tablet,2692,borrow,1
U085,B019,2024-12-02,2024-12-03,3,mobile,1713,borrow,0
U005,B014,2024-07-06,2024-07-16,4,desktop,1930,preview,0
U050,B038,2024-02-08,2024-02-16,3,mobile,3192,preview,0
U007,B000,2024-07-09,2024-07-15,3,mobile,2057,preview,0
U026,B019,2024-05-10,2024-05-23,5,desktop,3085,preview,0
U027,B049,2024-07-18,2024-07-25,3,desktop,2532,preview,0
U017,B048,2024-09-12,2024-09-23,5,mobile,1126,borrow,1
U032,B018,2024-11-20,2024-11-24,1,mobile,1450,borrow,0
U041,B007,2024-09-10,2024-09-15,4,desktop,1919,borrow,1
U000,B031,2024-02-14,2024-02-24,4,desktop,575,borrow,1
U095,B027,2024-12-02,2024-12-08,5,mobile,1210,borrow,1
U022,B008,2024-02-27,2024-03-06,5,desktop,2054,borrow,1
U048,B034,2024-06-22,2024-06-30,3,tablet,1434,borrow,0
U090,B014,2024-08-16,2024-08-17,2,mobile,2024,preview,0
U064,B035,2024-07-28,2024-07-29,5,desktop,1170,preview,0
U085,B022,2024-08-08,2024-08-10,5,mobile,1494,preview,0
U009,B025,2024-05-28,2024-06-04,3,mobile,3283,preview,0
U094,B002,2024-05-22,2024-05-31,5,desktop,2826,borrow,1
U055,B001,2024-06-28,2024-06-29,1,mobile,2655,preview,0
U058,B004,2024-01-01,2024-01-13,2,tablet,2166,preview,0
U040,B036,2024-09-21,2024-10-03,1,mobile,3321,borrow,0
U054,B036,2024-03-12,2024-03-23,1,desktop,1591,borrow,0
U051,B045,2024-08-19,2024-08-29,3,desktop,1182,borrow,0
U081,B026,2024-06-19,2024-06-20,2,mobile,2763,borrow,0
U037,B007,2024-07-31,2024-08-05,2,tablet,1891,preview,0
U051,B001,2024-07-10,2024-07-13,1,desktop,2035,borrow,0
U041,B010,2024-08-14,2024-08-17,1,tablet,3203,borrow,0
U079,B029,2024-04-24,2024-04-26,3,tablet,403,borrow,0
U088,B023,2024-06-04,2024-06-15,3,mobile,1329,preview,0
U011,B027,2024-01-28,2024-01-30,5,desktop,3490,borrow,1
U013,B015,2024-08-31,2024-09-04,1,desktop,3589,borrow,0
U055,B037,2024-06-12,2024-06-22,2,mobile,607,preview,0
U051,B033,2024-04-14,2024-04-18,3,tablet,3047,preview,0
U010,B025,2024-09-08,2024-09-11,3,desktop,2019,preview,0
U039,B047,2024-07-28,2024-08-05,4,mobile,2794,preview,0
U043,B014,2024-07-26,2024-07-28,1,desktop,1222,borrow,0
U042,B049,2024-07-02,2024-07-14,5,tablet,2819,borrow,1
U021,B004,2024-10-16,2024-10-19,2,desktop,3267,borrow,0
U065,B040,2024-10-08,2024-10-12,3,desktop,3582,preview,0
U014,B033,2024-01-05,2024-01-08,1,desktop,2811,borrow,0
U065,B012,2024-06-11,2024-06-23,2,mobile,2010,borrow,0
U099,B022,2024-12-16,2024-12-18,1,tablet,3503,preview,0
U044,B046,2024-03-29,2024-03-31,1,desktop,448,preview,0
U082,B009,2024-04-25,2024-05-01,5,mobile,2793,borrow,1
U030,B006,2024-10-20,2024-11-02,4,tablet,549,borrow,1
U018,B016,2024-10-28,2024-11-06,1,mobile,1283,preview,0
U025,B011,2024-03-10,2024-03-11,4,tablet,3483,borrow,1
U077,B009,2024-03-31,2024-04-02,3,mobile,1038,preview,0
U097,B048,2024-08-29,2024-09-08,1,mobile,3551,preview,0
U083,B004,2024-07-21,2024-08-03,5,mobile,2213,borrow,1
U022,B049,2024-11-06,2024-11-11,5,tablet,1560,borrow,1
U080,B031,2024-03-13,2024-03-24,4,desktop,659,borrow,1
U059,B048,2024-01-30,2024-02-10,5,tablet,1925,borrow,1
U072,B048,2024-08-07,2024-08-17,2,desktop,2804,borrow,0
U074,B028,2024-07-02,2024-07-04,4,tablet,2890,borrow,1
U087,B036,2024-03-16,2024-03-17,5,tablet,577,borrow,1
U082,B040,2024-11-16,2024-11-25,2,tablet,3041,borrow,0
U079,B020,2024-11-30,2024-12-01,3,desktop,977,borrow,0
U080,B020,2024-07-26,2024-08-03,1,desktop,2108,preview,0
U019,B028,2024-03-30,2024-04-12,1,mobile,465,preview,0
U008,B030,2024-03-18,2024-03-31,5,desktop,462,borrow,1
U056,B040,2024-11-05,2024-11-18,1,tablet,568,borrow,0
U038,B017,2024-09-01,2024-09-09,5,tablet,1383,preview,0
U075,B003,2024-02-27,2024-02-28,2,tablet,3588,preview,0
U045,B032,2024-10-29,2024-11-03,3,desktop,689,preview,0
U009,B019,2024-08-29,2024-08-31,5,mobile,1572,borrow,1
U059,B028,2024-02-13,2024-02-20,3,tablet,318,borrow,0
U004,B003,2024-12-02,2024-12-05,4,tablet,2239,borrow,1
U047,B018,2024-05-01,2024-05-13,1,mobile,2728,borrow,0
U009,B041,2024-12-28,2024-12-30,4,mobile,2702,borrow,1
U011,B039,2024-11-09,2024-11-14,4,tablet,2074,preview,0
U076,B032,2024-07-05,2024-07-17,5,desktop,1711,preview,0
U049,B029,2024-10-10,2024-10-23,3,desktop,1610,preview,0
U074,B035,2024-05-15,2024-05-23,1,tablet,470,borrow,0
U094,B002,2024-02-14,2024-02-16,3,tablet,1175,borrow,0
U057,B036,2024-05-04,2024-05-13,2,tablet,3145,preview,0
U083,B012,2024-05-25,2024-05-27,4,mobile,3080,preview,0
U041,B038,2024-06-19,2024-07-02,2,tablet,752,borrow,0
U060,B032,2024-04-17,2024-04-21,2,mobile,3266,preview,0
U019,B003,2024-09-27,2024-10-05,1,desktop,907,borrow,0
U057,B006,2024-07-20,2024-07-24,3,desktop,2971,borrow,0
U043,B045,2024-11-18,2024-11-28,1,tablet,1110,preview,0
U010,B032,2024-12-02,2024-12-11,3,tablet,2763,preview,0
U082,B011,2024-07-11,2024-07-15,3,desktop,2203,borrow,0
U005,B015,2024-09-07,2024-09-17,4,tablet,1716,preview,0
U090,B028,2024-03-27,2024-03-28,3,desktop,2460,borrow,0
U056,B033,2024-11-24,2024-12-01,5,desktop,1406,borrow,1
U066,B039,2024-03-09,2024-03-13,1,tablet,329,preview,0
U020,B023,2024-08-24,2024-09-01,2,tablet,3396,preview,0
U047,B018,2024-11-09,2024-11-16,1,tablet,2260,preview,0
U049,B026,2024-12-20,2024-12-24,3,desktop,2101,borrow,0
U099,B021,2024-01-11,2024-01-16,5,mobile,3585,borrow,1
U086,B038,2024-07-27,2024-07-29,2,mobile,1109,preview,0
U006,B040,2024-11-26,2024-11-27,3,tablet,1853,borrow,0
U082,B021,2024-07-05,2024-07-15,4,desktop,1252,borrow,1
U008,B021,2024-08-26,2024-09-05,2,mobile,2223,preview,0
U012,B035,2024-11-10,2024-11-21,4,tablet,890,preview,0
U086,B024,2024-05-20,2024-05-31,5,mobile,1386,borrow,1
U036,B016,2024-10-18,2024-10-23,4,mobile,389,preview,0
U092,B042,2024-04-27,2024-05-10,5,tablet,375,preview,0
U077,B009,2024-05-30,2024-06-09,4,tablet,2328,preview,0
U042,B005,2024-10-19,2024-11-01,4,tablet,527,borrow,1
U074,B042,2024-04-15,2024-04-20,4,mobile,2374,borrow,1
U018,B022,2024-05-27,2024-06-05,4,desktop,1130,preview,0
U039,B041,2024-08-11,2024-08-13,4,mobile,1249,preview,0
U089,B042,2024-02-14,2024-02-17,5,tablet,2381,borrow,1
U050,B008,2024-11-13,2024-11-19,4,mobile,2191,preview,0
U076,B045,2024-11-24,2024-12-01,4,tablet,2238,borrow,1
U010,B019,2024-11-30,2024-12-09,4,mobile,1611,preview,0
U071,B024,2024-12-03,2024-12-08,3,tablet,2985,borrow,0
U082,B021,2024-10-04,2024-10-14,5,mobile,2125,preview,0
U016,B042,2024-05-16,2024-05-26,4,tablet,2482,borrow,1
U089,B047,2024-06-07,2024-06-10,5,mobile,2176,borrow,1
U087,B033,2024-12-04,2024-12-09,4,desktop,486,preview,0
U011,B041,2024-05-09,2024-05-11,5,mobile,2187,borrow,1
U085,B027,2024-04-16,2024-04-24,5,mobile,1206,preview,0
U065,B023,2024-11-22,2024-12-02,4,tablet,605,borrow,1
U002,B023,2024-07-27,2024-07-28,1,tablet,1671,borrow,0
U039,B011,2024-06-29,2024-07-09,2,tablet,1709,preview,0
U027,B021,2024-09-16,2024-09-28,3,tablet,2757,preview,0
U098,B031,2024-11-01,2024-11-12,3,tablet,2840,preview,0
U024,B014,2024-07-13,2024-07-23,2,tablet,3228,borrow,0
U017,B009,2024-05-23,2024-05-25,4,desktop,2377,preview,0
U009,B018,2024-10-10,2024-10-19,4,mobile,1077,preview,0
U012,B032,2024-10-22,2024-10-23,1,mobile,1315,preview,0
U098,B034,2024-02-11,2024-02-16,1,desktop,1560,preview,0
U094,B033,2024-08-29,2024-09-09,2,tablet,1876,preview,0
U004,B042,2024-03-29,2024-03-31,2,mobile,887,borrow,0
U043,B049,2024-01-10,2024-01-19,4,desktop,2011,borrow,1
U079,B008,2024-02-29,2024-03-02,4,mobile,1758,preview,0
U076,B024,2024-06-07,2024-06-16,5,desktop,3565,borrow,1
U019,B010,2024-01-12,2024-01-17,5,mobile,1170,preview,0
U023,B044,2024-04-19,2024-04-24,2,desktop,2051,preview,0
U098,B039,2024-11-09,2024-11-21,4,desktop,2339,borrow,1
U021,B046,2024-01-22,2024-02-04,1,mobile,1419,borrow,0
U056,B002,2024-06-12,2024-06-16,3,desktop,2641,borrow,0
U052,B023,2024-12-30,2025-01-10,4,tablet,1264,borrow,1
U086,B046,2024-04-13,2024-04-16,4,desktop,2314,preview,0
U030,B028,2024-12-02,2024-12-15,5,tablet,3513,borrow,1
U078,B018,2024-02-15,2024-02-27,4,mobile,980,preview,0
U096,B047,2024-09-17,2024-09-30,3,tablet,671,preview,0
U057,B014,2024-11-30,2024-12-11,3,mobile,1568,borrow,0
U068,B015,2024-03-23,2024-03-29,5,desktop,1099,borrow,1
U039,B030,2024-07-30,2024-08-02,5,mobile,3572,preview,0
U024,B023,2024-04-04,2024-04-10,5,desktop,2264,preview,0
U086,B036,2024-08-06,2024-08-15,4,tablet,940,preview,0
U056,B029,2024-12-08,2024-12-19,3,tablet,865,borrow,0
U098,B018,2024-02-23,2024-03-04,3,tablet,1881,borrow,0
